SEQRES_seq	PDB_seq	PDB_num	CIF_num	renum_num	gap	hetatm	corrected	no_fullbb	no_ca	UnP_seq	UnP_num	UnP_ID
M	-	1	1	1	1	0	0	0	0			
S	S	2	2	2	0	0	0	0	0	S	2	B0KAH1
I	I	3	3	3	0	0	0	0	0	I	3	B0KAH1
L	L	4	4	4	0	0	0	0	0	L	4	B0KAH1
H	H	5	5	5	0	0	0	0	0	H	5	B0KAH1
M	M	6	6	6	0	0	0	0	0	M	6	B0KAH1
P	P	7	7	7	0	0	0	0	0	P	7	B0KAH1
L	L	8	8	8	0	0	0	0	0	L	8	B0KAH1
K	K	9	9	9	0	0	0	0	0	K	9	B0KAH1
I	I	10	10	10	0	0	0	0	0	I	10	B0KAH1
K	K	11	11	11	0	0	0	0	0	K	11	B0KAH1
D	D	12	12	12	0	0	0	0	0	D	12	B0KAH1
I	I	13	13	13	0	0	0	0	0	I	13	B0KAH1
T	T	14	14	14	0	0	0	0	0	T	14	B0KAH1
I	I	15	15	15	0	0	0	0	0	I	15	B0KAH1
K	K	16	16	16	0	0	0	0	0	K	16	B0KAH1
N	N	17	17	17	0	0	0	0	0	N	17	B0KAH1
R	R	18	18	18	0	0	0	0	0	R	18	B0KAH1
I	I	19	19	19	0	0	0	0	0	I	19	B0KAH1
M	M	20	20	20	0	0	0	0	0	M	20	B0KAH1
M	M	21	21	21	0	0	0	0	0	M	21	B0KAH1
S	S	22	22	22	0	0	0	0	0	S	22	B0KAH1
P	P	23	23	23	0	0	0	0	0	P	23	B0KAH1
M	M	24	24	24	0	0	0	0	0	M	24	B0KAH1
C	C	25	25	25	0	0	0	0	0	C	25	B0KAH1
M	M	26	26	26	0	0	0	0	0	M	26	B0KAH1
Y	Y	27	27	27	0	0	0	0	0	Y	27	B0KAH1
S	S	28	28	28	0	0	0	0	0	S	28	B0KAH1
A	A	29	29	29	0	0	0	0	0	A	29	B0KAH1
S	S	30	30	30	0	0	0	0	0	S	30	B0KAH1
T	T	31	31	31	0	0	0	0	0	T	31	B0KAH1
D	D	32	32	32	0	0	0	0	0	D	32	B0KAH1
G	G	33	33	33	0	0	0	0	0	G	33	B0KAH1
M	M	34	34	34	0	0	0	0	0	M	34	B0KAH1
P	P	35	35	35	0	0	0	0	0	P	35	B0KAH1
N	N	36	36	36	0	0	0	0	0	N	36	B0KAH1
D	D	37	37	37	0	0	0	0	0	D	37	B0KAH1
W	W	38	38	38	0	0	0	0	0	W	38	B0KAH1
H	H	39	39	39	0	0	0	0	0	H	39	B0KAH1
I	I	40	40	40	0	0	0	0	0	I	40	B0KAH1
V	V	41	41	41	0	0	0	0	0	V	41	B0KAH1
H	H	42	42	42	0	0	0	0	0	H	42	B0KAH1
Y	Y	43	43	43	0	0	0	0	0	Y	43	B0KAH1
A	A	44	44	44	0	0	0	0	0	A	44	B0KAH1
T	T	45	45	45	0	0	0	0	0	T	45	B0KAH1
R	R	46	46	46	0	0	0	0	0	R	46	B0KAH1
A	A	47	47	47	0	0	0	0	0	A	47	B0KAH1
I	I	48	48	48	0	0	0	0	0	I	48	B0KAH1
G	G	49	49	49	0	0	0	0	0	G	49	B0KAH1
G	G	50	50	50	0	0	0	0	0	G	50	B0KAH1
V	V	51	51	51	0	0	0	0	0	V	51	B0KAH1
G	G	52	52	52	0	0	0	0	0	G	52	B0KAH1
L	L	53	53	53	0	0	0	0	0	L	53	B0KAH1
I	I	54	54	54	0	0	0	0	0	I	54	B0KAH1
M	M	55	55	55	0	0	0	0	0	M	55	B0KAH1
Q	Q	56	56	56	0	0	0	0	0	Q	56	B0KAH1
E	E	57	57	57	0	0	0	0	0	E	57	B0KAH1
A	A	58	58	58	0	0	0	0	0	A	58	B0KAH1
T	T	59	59	59	0	0	0	0	0	T	59	B0KAH1
A	A	60	60	60	0	0	0	0	0	A	60	B0KAH1
V	V	61	61	61	0	0	0	0	0	V	61	B0KAH1
E	E	62	62	62	0	0	0	0	0	E	62	B0KAH1
S	S	63	63	63	0	0	0	0	0	S	63	B0KAH1
R	R	64	64	64	0	0	0	0	0	R	64	B0KAH1
G	G	65	65	65	0	0	0	0	0	G	65	B0KAH1
R	R	66	66	66	0	0	0	0	0	R	66	B0KAH1
I	I	67	67	67	0	0	0	0	0	I	67	B0KAH1
T	T	68	68	68	0	0	0	0	0	T	68	B0KAH1
D	D	69	69	69	0	0	0	0	0	D	69	B0KAH1
H	H	70	70	70	0	0	0	0	0	H	70	B0KAH1
D	D	71	71	71	0	0	0	0	0	D	71	B0KAH1
L	L	72	72	72	0	0	0	0	0	L	72	B0KAH1
G	G	73	73	73	0	0	0	0	0	G	73	B0KAH1
I	I	74	74	74	0	0	0	0	0	I	74	B0KAH1
W	W	75	75	75	0	0	0	0	0	W	75	B0KAH1
N	N	76	76	76	0	0	0	0	0	N	76	B0KAH1
D	D	77	77	77	0	0	0	0	0	D	77	B0KAH1
E	E	78	78	78	0	0	0	0	0	E	78	B0KAH1
Q	Q	79	79	79	0	0	0	0	0	Q	79	B0KAH1
V	V	80	80	80	0	0	0	0	0	V	80	B0KAH1
K	K	81	81	81	0	0	0	0	0	K	81	B0KAH1
E	E	82	82	82	0	0	0	0	0	E	82	B0KAH1
L	L	83	83	83	0	0	0	0	0	L	83	B0KAH1
K	K	84	84	84	0	0	0	0	0	K	84	B0KAH1
K	K	85	85	85	0	0	0	0	0	K	85	B0KAH1
I	I	86	86	86	0	0	0	0	0	I	86	B0KAH1
V	V	87	87	87	0	0	0	0	0	V	87	B0KAH1
D	D	88	88	88	0	0	0	0	0	D	88	B0KAH1
I	I	89	89	89	0	0	0	0	0	I	89	B0KAH1
C	C	90	90	90	0	0	0	0	0	C	90	B0KAH1
K	K	91	91	91	0	0	0	0	0	K	91	B0KAH1
A	A	92	92	92	0	0	0	0	0	A	92	B0KAH1
N	N	93	93	93	0	0	0	0	0	N	93	B0KAH1
G	G	94	94	94	0	0	0	0	0	G	94	B0KAH1
A	A	95	95	95	0	0	0	0	0	A	95	B0KAH1
V	V	96	96	96	0	0	0	0	0	V	96	B0KAH1
M	M	97	97	97	0	0	0	0	0	M	97	B0KAH1
G	G	98	98	98	0	0	0	0	0	G	98	B0KAH1
I	I	99	99	99	0	0	0	0	0	I	99	B0KAH1
Q	Q	100	100	100	0	0	0	0	0	Q	100	B0KAH1
L	L	101	101	101	0	0	0	0	0	L	101	B0KAH1
A	A	102	102	102	0	0	0	0	0	A	102	B0KAH1
H	H	103	103	103	0	0	0	0	0	H	103	B0KAH1
A	A	104	104	104	0	0	0	0	0	A	104	B0KAH1
G	G	105	105	105	0	0	0	0	0	G	105	B0KAH1
R	R	106	106	106	0	0	0	0	0	R	106	B0KAH1
K	K	107	107	107	0	0	0	0	0	K	107	B0KAH1
C	C	108	108	108	0	0	0	0	0	C	108	B0KAH1
N	N	109	109	109	0	0	0	0	0	N	109	B0KAH1
I	I	110	110	110	0	0	0	0	0	I	110	B0KAH1
S	S	111	111	111	0	0	0	0	0	S	111	B0KAH1
Y	Y	112	112	112	0	0	0	0	0	Y	112	B0KAH1
E	E	113	113	113	0	0	0	0	0	E	113	B0KAH1
D	D	114	114	114	0	0	0	0	0	D	114	B0KAH1
V	V	115	115	115	0	0	0	0	0	V	115	B0KAH1
V	V	116	116	116	0	0	0	0	0	V	116	B0KAH1
G	G	117	117	117	0	0	0	0	0	G	117	B0KAH1
P	P	118	118	118	0	0	0	0	0	P	118	B0KAH1
S	S	119	119	119	0	0	0	0	0	S	119	B0KAH1
P	P	120	120	120	0	0	0	0	0	P	120	B0KAH1
I	I	121	121	121	0	0	0	0	0	I	121	B0KAH1
K	K	122	122	122	0	0	0	0	0	K	122	B0KAH1
A	A	123	123	123	0	0	0	0	0	A	123	B0KAH1
G	G	124	124	124	0	0	0	0	0	G	124	B0KAH1
D	D	125	125	125	0	0	0	0	0	D	125	B0KAH1
R	R	126	126	126	0	0	0	0	0	R	126	B0KAH1
Y	Y	127	127	127	0	0	0	0	0	Y	127	B0KAH1
K	K	128	128	128	0	0	0	0	0	K	128	B0KAH1
L	L	129	129	129	0	0	0	0	0	L	129	B0KAH1
P	P	130	130	130	0	0	0	0	0	P	130	B0KAH1
R	R	131	131	131	0	0	0	0	0	R	131	B0KAH1
E	E	132	132	132	0	0	0	0	0	E	132	B0KAH1
L	L	133	133	133	0	0	0	0	0	L	133	B0KAH1
S	S	134	134	134	0	0	0	0	0	S	134	B0KAH1
V	V	135	135	135	0	0	0	0	0	V	135	B0KAH1
E	E	136	136	136	0	0	0	0	0	E	136	B0KAH1
E	E	137	137	137	0	0	0	0	0	E	137	B0KAH1
I	I	138	138	138	0	0	0	0	0	I	138	B0KAH1
K	K	139	139	139	0	0	0	0	0	K	139	B0KAH1
S	S	140	140	140	0	0	0	0	0	S	140	B0KAH1
I	I	141	141	141	0	0	0	0	0	I	141	B0KAH1
V	V	142	142	142	0	0	0	0	0	V	142	B0KAH1
K	K	143	143	143	0	0	0	0	0	K	143	B0KAH1
A	A	144	144	144	0	0	0	0	0	A	144	B0KAH1
F	F	145	145	145	0	0	0	0	0	F	145	B0KAH1
G	G	146	146	146	0	0	0	0	0	G	146	B0KAH1
E	E	147	147	147	0	0	0	0	0	E	147	B0KAH1
A	A	148	148	148	0	0	0	0	0	A	148	B0KAH1
A	A	149	149	149	0	0	0	0	0	A	149	B0KAH1
K	K	150	150	150	0	0	0	0	0	K	150	B0KAH1
R	R	151	151	151	0	0	0	0	0	R	151	B0KAH1
A	A	152	152	152	0	0	0	0	0	A	152	B0KAH1
N	N	153	153	153	0	0	0	0	0	N	153	B0KAH1
L	L	154	154	154	0	0	0	0	0	L	154	B0KAH1
A	A	155	155	155	0	0	0	0	0	A	155	B0KAH1
G	G	156	156	156	0	0	0	0	0	G	156	B0KAH1
Y	Y	157	157	157	0	0	0	0	0	Y	157	B0KAH1
D	D	158	158	158	0	0	0	0	0	D	158	B0KAH1
V	V	159	159	159	0	0	0	0	0	V	159	B0KAH1
V	V	160	160	160	0	0	0	0	0	V	160	B0KAH1
E	E	161	161	161	0	0	0	0	0	E	161	B0KAH1
I	I	162	162	162	0	0	0	0	0	I	162	B0KAH1
H	H	163	163	163	0	0	0	0	0	H	163	B0KAH1
A	A	164	164	164	0	0	0	0	0	A	164	B0KAH1
A	A	165	165	165	0	0	0	0	0	A	165	B0KAH1
H	H	166	166	166	0	0	0	0	0	H	166	B0KAH1
G	G	167	167	167	0	0	0	0	0	G	167	B0KAH1
Y	Y	168	168	168	0	0	0	0	0	Y	168	B0KAH1
L	L	169	169	169	0	0	0	0	0	L	169	B0KAH1
I	I	170	170	170	0	0	0	0	0	I	170	B0KAH1
H	H	171	171	171	0	0	0	0	0	H	171	B0KAH1
E	E	172	172	172	0	0	0	0	0	E	172	B0KAH1
F	F	173	173	173	0	0	0	0	0	F	173	B0KAH1
L	L	174	174	174	0	0	0	0	0	L	174	B0KAH1
S	S	175	175	175	0	0	0	0	0	S	175	B0KAH1
P	P	176	176	176	0	0	0	0	0	P	176	B0KAH1
L	L	177	177	177	0	0	0	0	0	L	177	B0KAH1
S	S	178	178	178	0	0	0	0	0	S	178	B0KAH1
N	N	179	179	179	0	0	0	0	0	N	179	B0KAH1
K	K	180	180	180	0	0	0	0	0	K	180	B0KAH1
R	R	181	181	181	0	0	0	0	0	R	181	B0KAH1
K	K	182	182	182	0	0	0	0	0	K	182	B0KAH1
D	D	183	183	183	0	0	0	0	0	D	183	B0KAH1
E	E	184	184	184	0	0	0	0	0	E	184	B0KAH1
Y	Y	185	185	185	0	0	0	0	0	Y	185	B0KAH1
G	G	186	186	186	0	0	0	0	0	G	186	B0KAH1
N	N	187	187	187	0	0	0	0	0	N	187	B0KAH1
S	S	188	188	188	0	0	0	0	0	S	188	B0KAH1
I	I	189	189	189	0	0	0	0	0	I	189	B0KAH1
E	E	190	190	190	0	0	0	0	0	E	190	B0KAH1
N	N	191	191	191	0	0	0	0	0	N	191	B0KAH1
R	R	192	192	192	0	0	0	0	0	R	192	B0KAH1
A	A	193	193	193	0	0	0	0	0	A	193	B0KAH1
R	R	194	194	194	0	0	0	0	0	R	194	B0KAH1
F	F	195	195	195	0	0	0	0	0	F	195	B0KAH1
L	L	196	196	196	0	0	0	0	0	L	196	B0KAH1
I	I	197	197	197	0	0	0	0	0	I	197	B0KAH1
E	E	198	198	198	0	0	0	0	0	E	198	B0KAH1
V	V	199	199	199	0	0	0	0	0	V	199	B0KAH1
I	I	200	200	200	0	0	0	0	0	I	200	B0KAH1
D	D	201	201	201	0	0	0	0	0	D	201	B0KAH1
E	E	202	202	202	0	0	0	0	0	E	202	B0KAH1
V	V	203	203	203	0	0	0	0	0	V	203	B0KAH1
R	R	204	204	204	0	0	0	0	0	R	204	B0KAH1
K	K	205	205	205	0	0	0	0	0	K	205	B0KAH1
N	N	206	206	206	0	0	0	0	0	N	206	B0KAH1
W	W	207	207	207	0	0	0	0	0	W	207	B0KAH1
P	P	208	208	208	0	0	0	0	0	P	208	B0KAH1
E	E	209	209	209	0	0	0	0	0	E	209	B0KAH1
N	N	210	210	210	0	0	0	0	0	N	210	B0KAH1
K	K	211	211	211	0	0	0	0	0	K	211	B0KAH1
P	P	212	212	212	0	0	0	0	0	P	212	B0KAH1
I	I	213	213	213	0	0	0	0	0	I	213	B0KAH1
F	F	214	214	214	0	0	0	0	0	F	214	B0KAH1
V	V	215	215	215	0	0	0	0	0	V	215	B0KAH1
R	R	216	216	216	0	0	0	0	0	R	216	B0KAH1
V	V	217	217	217	0	0	0	0	0	V	217	B0KAH1
S	S	218	218	218	0	0	0	0	0	S	218	B0KAH1
A	A	219	219	219	0	0	0	0	0	A	219	B0KAH1
D	D	220	220	220	0	0	0	0	0	D	220	B0KAH1
D	D	221	221	221	0	0	0	0	0	D	221	B0KAH1
Y	Y	222	222	222	0	0	0	0	0	Y	222	B0KAH1
M	M	223	223	223	0	0	0	0	0	M	223	B0KAH1
E	E	224	224	224	0	0	0	0	0	E	224	B0KAH1
G	G	225	225	225	0	0	0	0	0	G	225	B0KAH1
G	G	226	226	226	0	0	0	0	0	G	226	B0KAH1
I	I	227	227	227	0	0	0	0	0	I	227	B0KAH1
N	N	228	228	228	0	0	0	0	0	N	228	B0KAH1
I	I	229	229	229	0	0	0	0	0	I	229	B0KAH1
D	D	230	230	230	0	0	0	0	0	D	230	B0KAH1
M	M	231	231	231	0	0	0	0	0	M	231	B0KAH1
M	M	232	232	232	0	0	0	0	0	M	232	B0KAH1
V	V	233	233	233	0	0	0	0	0	V	233	B0KAH1
E	E	234	234	234	0	0	0	0	0	E	234	B0KAH1
Y	Y	235	235	235	0	0	0	0	0	Y	235	B0KAH1
I	I	236	236	236	0	0	0	0	0	I	236	B0KAH1
N	N	237	237	237	0	0	0	0	0	N	237	B0KAH1
M	M	238	238	238	0	0	0	0	0	M	238	B0KAH1
I	I	239	239	239	0	0	0	0	0	I	239	B0KAH1
K	K	240	240	240	0	0	0	0	0	K	240	B0KAH1
D	D	241	241	241	0	0	0	0	0	D	241	B0KAH1
K	K	242	242	242	0	0	0	0	0	K	242	B0KAH1
V	V	243	243	243	0	0	0	0	0	V	243	B0KAH1
D	D	244	244	244	0	0	0	0	0	D	244	B0KAH1
L	L	245	245	245	0	0	0	0	0	L	245	B0KAH1
I	I	246	246	246	0	0	0	0	0	I	246	B0KAH1
D	D	247	247	247	0	0	0	0	0	D	247	B0KAH1
V	V	248	248	248	0	0	0	0	0	V	248	B0KAH1
S	S	249	249	249	0	0	0	0	0	S	249	B0KAH1
S	S	250	250	250	0	0	0	0	0	S	250	B0KAH1
G	G	251	251	251	0	0	0	0	0	G	251	B0KAH1
G	G	252	252	252	0	0	0	0	0	G	252	B0KAH1
L	L	253	253	253	0	0	0	0	0	L	253	B0KAH1
L	L	254	254	254	0	0	0	0	0	L	254	B0KAH1
N	N	255	255	255	0	0	0	0	0	N	255	B0KAH1
V	V	256	256	256	0	0	0	0	0	V	256	B0KAH1
D	D	257	257	257	0	0	0	0	0	D	257	B0KAH1
I	I	258	258	258	0	0	0	0	0	I	258	B0KAH1
N	N	259	259	259	0	0	0	0	0	N	259	B0KAH1
L	L	260	260	260	0	0	0	0	0	L	260	B0KAH1
Y	Y	261	261	261	0	0	0	0	0	Y	261	B0KAH1
P	P	262	262	262	0	0	0	0	0	P	262	B0KAH1
G	G	263	263	263	0	0	0	0	0	G	263	B0KAH1
Y	Y	264	264	264	0	0	0	0	0	Y	264	B0KAH1
Q	Q	265	265	265	0	0	0	0	0	Q	265	B0KAH1
V	V	266	266	266	0	0	0	0	0	V	266	B0KAH1
K	K	267	267	267	0	0	0	0	0	K	267	B0KAH1
Y	Y	268	268	268	0	0	0	0	0	Y	268	B0KAH1
A	A	269	269	269	0	0	0	0	0	A	269	B0KAH1
E	E	270	270	270	0	0	0	0	0	E	270	B0KAH1
T	T	271	271	271	0	0	0	0	0	T	271	B0KAH1
I	I	272	272	272	0	0	0	0	0	I	272	B0KAH1
K	K	273	273	273	0	0	0	0	0	K	273	B0KAH1
K	K	274	274	274	0	0	0	0	0	K	274	B0KAH1
R	R	275	275	275	0	0	0	0	0	R	275	B0KAH1
C	C	276	276	276	0	0	0	0	0	C	276	B0KAH1
N	N	277	277	277	0	0	0	0	0	N	277	B0KAH1
I	I	278	278	278	0	0	0	0	0	I	278	B0KAH1
K	K	279	279	279	0	0	0	0	0	K	279	B0KAH1
T	T	280	280	280	0	0	0	0	0	T	280	B0KAH1
S	S	281	281	281	0	0	0	0	0	S	281	B0KAH1
A	A	282	282	282	0	0	0	0	0	A	282	B0KAH1
V	V	283	283	283	0	0	0	0	0	V	283	B0KAH1
G	G	284	284	284	0	0	0	0	0	G	284	B0KAH1
L	L	285	285	285	0	0	0	0	0	L	285	B0KAH1
I	I	286	286	286	0	0	0	0	0	I	286	B0KAH1
T	T	287	287	287	0	0	0	0	0	T	287	B0KAH1
T	T	288	288	288	0	0	0	0	0	T	288	B0KAH1
Q	Q	289	289	289	0	0	0	0	0	Q	289	B0KAH1
E	E	290	290	290	0	0	0	0	0	E	290	B0KAH1
L	L	291	291	291	0	0	0	0	0	L	291	B0KAH1
A	A	292	292	292	0	0	0	0	0	A	292	B0KAH1
E	E	293	293	293	0	0	0	0	0	E	293	B0KAH1
E	E	294	294	294	0	0	0	0	0	E	294	B0KAH1
I	I	295	295	295	0	0	0	0	0	I	295	B0KAH1
L	L	296	296	296	0	0	0	0	0	L	296	B0KAH1
S	S	297	297	297	0	0	0	0	0	S	297	B0KAH1
N	N	298	298	298	0	0	0	0	0	N	298	B0KAH1
E	E	299	299	299	0	0	0	0	0	E	299	B0KAH1
R	R	300	300	300	0	0	0	0	0	R	300	B0KAH1
A	A	301	301	301	0	0	0	0	0	A	301	B0KAH1
D	D	302	302	302	0	0	0	0	0	D	302	B0KAH1
L	L	303	303	303	0	0	0	0	0	L	303	B0KAH1
V	V	304	304	304	0	0	0	0	0	V	304	B0KAH1
A	A	305	305	305	0	0	0	0	0	A	305	B0KAH1
L	L	306	306	306	0	0	0	0	0	L	306	B0KAH1
G	G	307	307	307	0	0	0	0	0	G	307	B0KAH1
R	R	308	308	308	0	0	0	0	0	R	308	B0KAH1
E	E	309	309	309	0	0	0	0	0	E	309	B0KAH1
L	L	310	310	310	0	0	0	0	0	L	310	B0KAH1
L	L	311	311	311	0	0	0	0	0	L	311	B0KAH1
R	R	312	312	312	0	0	0	0	0	R	312	B0KAH1
N	N	313	313	313	0	0	0	0	0	N	313	B0KAH1
P	P	314	314	314	0	0	0	0	0	P	314	B0KAH1
Y	Y	315	315	315	0	0	0	0	0	Y	315	B0KAH1
W	W	316	316	316	0	0	0	0	0	W	316	B0KAH1
V	V	317	317	317	0	0	0	0	0	V	317	B0KAH1
L	L	318	318	318	0	0	0	0	0	L	318	B0KAH1
H	H	319	319	319	0	0	0	0	0	H	319	B0KAH1
T	T	320	320	320	0	0	0	0	0	T	320	B0KAH1
Y	Y	321	321	321	0	0	0	0	0	Y	321	B0KAH1
T	T	322	322	322	0	0	0	0	0	T	322	B0KAH1
S	S	323	323	323	0	0	0	0	0	S	323	B0KAH1
K	K	324	324	324	0	0	0	0	0	K	324	B0KAH1
E	E	325	325	325	0	0	0	0	0	E	325	B0KAH1
D	D	326	326	326	0	0	0	0	0	D	326	B0KAH1
W	W	327	327	327	0	0	0	0	0	W	327	B0KAH1
P	P	328	328	328	0	0	0	0	0	P	328	B0KAH1
K	K	329	329	329	0	0	0	0	0	K	329	B0KAH1
Q	Q	330	330	330	0	0	0	0	0	Q	330	B0KAH1
Y	Y	331	331	331	0	0	0	0	0	Y	331	B0KAH1
E	E	332	332	332	0	0	0	0	0	E	332	B0KAH1
R	R	333	333	333	0	0	0	0	0	R	333	B0KAH1
A	A	334	334	334	0	0	0	0	0	A	334	B0KAH1
F	F	335	335	335	0	0	0	0	0	F	335	B0KAH1
K	K	336	336	336	0	0	0	0	0	K	336	B0KAH1
K	-	337	337	337	1	0	0	0	0			
H	-	338	338	338	1	0	0	0	0			
H	-	339	339	339	1	0	0	0	0			
H	-	340	340	340	1	0	0	0	0			
H	-	341	341	341	1	0	0	0	0			
H	-	342	342	342	1	0	0	0	0			
H	-	343	343	343	1	0	0	0	0			
