SEQRES_seq	PDB_seq	PDB_num	CIF_num	renum_num	gap	hetatm	no_fullbb	no_ca	UnP_seq	UnP_num	UnP_ID
A	-	1	1	1	1	0	0	0			
D	-	2	2	2	1	0	0	0			
G	-	3	3	3	1	0	0	0			
N	-	4	4	4	1	0	0	0			
N	-	5	5	5	1	0	0	0			
I	-	6	6	6	1	0	0	0			
K	-	7	7	7	1	0	0	0			
A	-	8	8	8	1	0	0	0			
P	-	9	9	9	1	0	0	0			
I	I	10	10	10	0	0	0	0	I	50	Q9S7B5
E	E	11	11	11	0	0	0	0	E	51	Q9S7B5
T	T	12	12	12	0	0	0	0	T	52	Q9S7B5
A	A	13	13	13	0	0	0	0	A	53	Q9S7B5
V	V	14	14	14	0	0	0	0	V	54	Q9S7B5
K	K	15	15	15	0	0	0	0	K	55	Q9S7B5
P	P	16	16	16	0	0	0	0	P	56	Q9S7B5
P	P	17	17	17	0	0	0	0	P	57	Q9S7B5
H	H	18	18	18	0	0	0	0	H	58	Q9S7B5
R	R	19	19	19	0	0	0	0	R	59	Q9S7B5
T	T	20	20	20	0	0	0	0	T	60	Q9S7B5
E	E	21	21	21	0	0	0	0	E	61	Q9S7B5
D	D	22	22	22	0	0	0	0	D	62	Q9S7B5
N	N	23	23	23	0	0	0	0	N	63	Q9S7B5
I	I	24	24	24	0	0	0	0	I	64	Q9S7B5
R	R	25	25	25	0	0	0	0	R	65	Q9S7B5
D	D	26	26	26	0	0	0	0	D	66	Q9S7B5
E	E	27	27	27	0	0	0	0	E	67	Q9S7B5
A	-	28	28	28	1	0	0	0			
R	-	29	29	29	1	0	0	0			
R	-	30	30	30	1	0	0	0			
N	-	31	31	31	1	0	0	0			
R	-	32	32	32	1	0	0	0			
S	-	33	33	33	1	0	0	0			
N	N	34	34	34	0	0	0	0	N	74	Q9S7B5
A	A	35	35	35	0	0	0	0	A	75	Q9S7B5
V	V	36	36	36	0	0	0	0	V	76	Q9S7B5
N	N	37	37	37	0	0	0	0	N	77	Q9S7B5
P	P	38	38	38	0	0	0	0	P	78	Q9S7B5
F	F	39	39	39	0	0	0	0	F	79	Q9S7B5
S	S	40	40	40	0	0	0	0	S	80	Q9S7B5
A	A	41	41	41	0	0	0	0	A	81	Q9S7B5
K	K	42	42	42	0	0	0	0	K	82	Q9S7B5
Y	Y	43	43	43	0	0	0	0	Y	83	Q9S7B5
V	V	44	44	44	0	0	0	0	V	84	Q9S7B5
P	P	45	45	45	0	0	0	0	P	85	Q9S7B5
F	F	46	46	46	0	0	0	0	F	86	Q9S7B5
N	N	47	47	47	0	0	0	0	N	87	Q9S7B5
A	A	48	48	48	0	0	0	0	A	88	Q9S7B5
A	A	49	49	49	0	0	0	0	A	89	Q9S7B5
P	P	50	50	50	0	0	0	0	P	90	Q9S7B5
G	G	51	51	51	0	0	0	0	G	91	Q9S7B5
S	S	52	52	52	0	0	0	0	S	92	Q9S7B5
T	T	53	53	53	0	0	0	0	T	93	Q9S7B5
E	E	54	54	54	0	0	0	0	E	94	Q9S7B5
S	S	55	55	55	0	0	0	0	S	95	Q9S7B5
Y	Y	56	56	56	0	0	0	0	Y	96	Q9S7B5
S	S	57	57	57	0	0	0	0	S	97	Q9S7B5
L	L	58	58	58	0	0	0	0	L	98	Q9S7B5
D	D	59	59	59	0	0	0	0	D	99	Q9S7B5
E	E	60	60	60	0	0	0	0	E	100	Q9S7B5
I	I	61	61	61	0	0	0	0	I	101	Q9S7B5
V	V	62	62	62	0	0	0	0	V	102	Q9S7B5
Y	Y	63	63	63	0	0	0	0	Y	103	Q9S7B5
R	R	64	64	64	0	0	0	0	R	104	Q9S7B5
S	-	65	65	65	1	0	0	0			
R	-	66	66	66	1	0	0	0			
S	-	67	67	67	1	0	0	0			
G	-	68	68	68	1	0	0	0			
G	G	69	69	69	0	0	0	0	G	109	Q9S7B5
L	L	70	70	70	0	0	0	0	L	110	Q9S7B5
L	L	71	71	71	0	0	0	0	L	111	Q9S7B5
D	D	72	72	72	0	0	0	0	D	112	Q9S7B5
V	V	73	73	73	0	0	0	0	V	113	Q9S7B5
E	E	74	74	74	0	0	0	0	E	114	Q9S7B5
H	H	75	75	75	0	0	0	0	H	115	Q9S7B5
D	D	76	76	76	0	0	0	0	D	116	Q9S7B5
M	-	77	77	77	0	1	0	0	M	117	Q9S7B5
E	E	78	78	78	0	0	0	0	E	118	Q9S7B5
A	A	79	79	79	0	0	0	0	A	119	Q9S7B5
L	L	80	80	80	0	0	0	0	L	120	Q9S7B5
K	K	81	81	81	0	0	0	0	K	121	Q9S7B5
R	R	82	82	82	0	0	0	0	R	122	Q9S7B5
F	F	83	83	83	0	0	0	0	F	123	Q9S7B5
D	D	84	84	84	0	0	0	0	D	124	Q9S7B5
G	G	85	85	85	0	0	0	0	G	125	Q9S7B5
A	A	86	86	86	0	0	0	0	A	126	Q9S7B5
Y	Y	87	87	87	0	0	0	0	Y	127	Q9S7B5
W	W	88	88	88	0	0	0	0	W	128	Q9S7B5
R	R	89	89	89	0	0	0	0	R	129	Q9S7B5
D	D	90	90	90	0	0	0	0	D	130	Q9S7B5
L	L	91	91	91	0	0	0	0	L	131	Q9S7B5
F	F	92	92	92	0	0	0	0	F	132	Q9S7B5
D	D	93	93	93	0	0	0	0	D	133	Q9S7B5
S	S	94	94	94	0	0	0	0	S	134	Q9S7B5
R	R	95	95	95	0	0	0	0	R	135	Q9S7B5
V	V	96	96	96	0	0	0	0	V	136	Q9S7B5
G	G	97	97	97	0	0	0	0	G	137	Q9S7B5
K	K	98	98	98	0	0	0	0	K	138	Q9S7B5
S	S	99	99	99	0	0	0	0	S	139	Q9S7B5
T	T	100	100	100	0	0	0	0	T	140	Q9S7B5
W	W	101	101	101	0	0	0	0	W	141	Q9S7B5
P	P	102	102	102	0	0	0	0	P	142	Q9S7B5
Y	Y	103	103	103	0	0	0	0	Y	143	Q9S7B5
G	G	104	104	104	0	0	0	0	G	144	Q9S7B5
S	S	105	105	105	0	0	0	0	S	145	Q9S7B5
G	G	106	106	106	0	0	0	0	G	146	Q9S7B5
V	V	107	107	107	0	0	0	0	V	147	Q9S7B5
W	W	108	108	108	0	0	0	0	W	148	Q9S7B5
S	S	109	109	109	0	0	0	0	S	149	Q9S7B5
K	K	110	110	110	0	0	0	0	K	150	Q9S7B5
K	K	111	111	111	0	0	0	0	K	151	Q9S7B5
E	E	112	112	112	0	0	0	0	E	152	Q9S7B5
W	W	113	113	113	0	0	0	0	W	153	Q9S7B5
V	V	114	114	114	0	0	0	0	V	154	Q9S7B5
L	L	115	115	115	0	0	0	0	L	155	Q9S7B5
P	P	116	116	116	0	0	0	0	P	156	Q9S7B5
E	E	117	117	117	0	0	0	0	E	157	Q9S7B5
I	I	118	118	118	0	0	0	0	I	158	Q9S7B5
D	D	119	119	119	0	0	0	0	D	159	Q9S7B5
D	D	120	120	120	0	0	0	0	D	160	Q9S7B5
D	D	121	121	121	0	0	0	0	D	161	Q9S7B5
D	D	122	122	122	0	0	0	0	D	162	Q9S7B5
I	I	123	123	123	0	0	0	0	I	163	Q9S7B5
V	V	124	124	124	0	0	0	0	V	164	Q9S7B5
S	S	125	125	125	0	0	0	0	S	165	Q9S7B5
A	A	126	126	126	0	0	0	0	A	166	Q9S7B5
F	F	127	127	127	0	0	0	0	F	167	Q9S7B5
E	E	128	128	128	0	0	0	0	E	168	Q9S7B5
G	G	129	129	129	0	0	0	0	G	169	Q9S7B5
N	N	130	130	130	0	0	0	0	N	170	Q9S7B5
S	S	131	131	131	0	0	0	0	S	171	Q9S7B5
N	N	132	132	132	0	0	0	0	N	172	Q9S7B5
L	L	133	133	133	0	0	0	0	L	173	Q9S7B5
F	F	134	134	134	0	0	0	0	F	174	Q9S7B5
W	W	135	135	135	0	0	0	0	W	175	Q9S7B5
A	A	136	136	136	0	0	0	0	A	176	Q9S7B5
E	E	137	137	137	0	0	0	0	E	177	Q9S7B5
R	R	138	138	138	0	0	0	0	R	178	Q9S7B5
F	F	139	139	139	0	0	0	0	F	179	Q9S7B5
G	G	140	140	140	0	0	0	0	G	180	Q9S7B5
K	K	141	141	141	0	0	0	0	K	181	Q9S7B5
Q	Q	142	142	142	0	0	0	0	Q	182	Q9S7B5
F	F	143	143	143	0	0	0	0	F	183	Q9S7B5
L	L	144	144	144	0	0	0	0	L	184	Q9S7B5
G	G	145	145	145	0	0	0	0	G	185	Q9S7B5
M	-	146	146	146	0	1	0	0	M	186	Q9S7B5
N	N	147	147	147	0	0	0	0	N	187	Q9S7B5
D	D	148	148	148	0	0	0	0	D	188	Q9S7B5
L	L	149	149	149	0	0	0	0	L	189	Q9S7B5
W	W	150	150	150	0	0	0	0	W	190	Q9S7B5
V	V	151	151	151	0	0	0	0	V	191	Q9S7B5
K	K	152	152	152	0	0	0	0	K	192	Q9S7B5
H	H	153	153	153	0	0	0	0	H	193	Q9S7B5
C	C	154	154	154	0	0	0	0	C	194	Q9S7B5
G	G	155	155	155	0	0	0	0	G	195	Q9S7B5
I	I	156	156	156	0	0	0	0	I	196	Q9S7B5
S	S	157	157	157	0	0	0	0	S	197	Q9S7B5
H	H	158	158	158	0	0	0	0	H	198	Q9S7B5
T	T	159	159	159	0	0	0	0	T	199	Q9S7B5
G	G	160	160	160	0	0	0	0	G	200	Q9S7B5
S	S	161	161	161	0	0	0	0	S	201	Q9S7B5
F	F	162	162	162	0	0	0	0	F	202	Q9S7B5
K	K	163	163	163	0	0	0	0	K	203	Q9S7B5
D	D	164	164	164	0	0	0	0	D	204	Q9S7B5
L	L	165	165	165	0	0	0	0	L	205	Q9S7B5
G	G	166	166	166	0	0	0	0	G	206	Q9S7B5
M	-	167	167	167	0	1	0	0	M	207	Q9S7B5
T	T	168	168	168	0	0	0	0	T	208	Q9S7B5
V	V	169	169	169	0	0	0	0	V	209	Q9S7B5
L	L	170	170	170	0	0	0	0	L	210	Q9S7B5
V	V	171	171	171	0	0	0	0	V	211	Q9S7B5
S	S	172	172	172	0	0	0	0	S	212	Q9S7B5
Q	Q	173	173	173	0	0	0	0	Q	213	Q9S7B5
V	V	174	174	174	0	0	0	0	V	214	Q9S7B5
N	N	175	175	175	0	0	0	0	N	215	Q9S7B5
R	R	176	176	176	0	0	0	0	R	216	Q9S7B5
L	L	177	177	177	0	0	0	0	L	217	Q9S7B5
R	R	178	178	178	0	0	0	0	R	218	Q9S7B5
K	K	179	179	179	0	0	0	0	K	219	Q9S7B5
M	-	180	180	180	0	1	0	0	M	220	Q9S7B5
K	K	181	181	181	0	0	0	0	K	221	Q9S7B5
R	R	182	182	182	0	0	0	0	R	222	Q9S7B5
P	P	183	183	183	0	0	0	0	P	223	Q9S7B5
V	V	184	184	184	0	0	0	0	V	224	Q9S7B5
V	V	185	185	185	0	0	0	0	V	225	Q9S7B5
G	G	186	186	186	0	0	0	0	G	226	Q9S7B5
V	V	187	187	187	0	0	0	0	V	227	Q9S7B5
G	G	188	188	188	0	0	0	0	G	228	Q9S7B5
C	C	189	189	189	0	0	0	0	C	229	Q9S7B5
A	A	190	190	190	0	0	0	0	A	230	Q9S7B5
S	S	191	191	191	0	0	0	0	S	231	Q9S7B5
T	T	192	192	192	0	0	0	0	T	232	Q9S7B5
G	G	193	193	193	0	0	0	0	G	233	Q9S7B5
D	D	194	194	194	0	0	0	0	D	234	Q9S7B5
T	T	195	195	195	0	0	0	0	T	235	Q9S7B5
S	S	196	196	196	0	0	0	0	S	236	Q9S7B5
A	A	197	197	197	0	0	0	0	A	237	Q9S7B5
A	A	198	198	198	0	0	0	0	A	238	Q9S7B5
L	L	199	199	199	0	0	0	0	L	239	Q9S7B5
S	S	200	200	200	0	0	0	0	S	240	Q9S7B5
A	A	201	201	201	0	0	0	0	A	241	Q9S7B5
Y	Y	202	202	202	0	0	0	0	Y	242	Q9S7B5
C	C	203	203	203	0	0	0	0	C	243	Q9S7B5
A	A	204	204	204	0	0	0	0	A	244	Q9S7B5
S	S	205	205	205	0	0	0	0	S	245	Q9S7B5
A	A	206	206	206	0	0	0	0	A	246	Q9S7B5
G	G	207	207	207	0	0	0	0	G	247	Q9S7B5
I	I	208	208	208	0	0	0	0	I	248	Q9S7B5
P	P	209	209	209	0	0	0	0	P	249	Q9S7B5
S	S	210	210	210	0	0	0	0	S	250	Q9S7B5
I	I	211	211	211	0	0	0	0	I	251	Q9S7B5
V	V	212	212	212	0	0	0	0	V	252	Q9S7B5
F	F	213	213	213	0	0	0	0	F	253	Q9S7B5
L	L	214	214	214	0	0	0	0	L	254	Q9S7B5
P	P	215	215	215	0	0	0	0	P	255	Q9S7B5
A	A	216	216	216	0	0	0	0	A	256	Q9S7B5
N	N	217	217	217	0	0	0	0	N	257	Q9S7B5
K	K	218	218	218	0	0	0	0	K	258	Q9S7B5
I	I	219	219	219	0	0	0	0	I	259	Q9S7B5
S	S	220	220	220	0	0	0	0	S	260	Q9S7B5
M	-	221	221	221	0	1	0	0	M	261	Q9S7B5
A	A	222	222	222	0	0	0	0	A	262	Q9S7B5
Q	Q	223	223	223	0	0	0	0	Q	263	Q9S7B5
L	L	224	224	224	0	0	0	0	L	264	Q9S7B5
V	V	225	225	225	0	0	0	0	V	265	Q9S7B5
Q	Q	226	226	226	0	0	0	0	Q	266	Q9S7B5
P	P	227	227	227	0	0	0	0	P	267	Q9S7B5
I	I	228	228	228	0	0	0	0	I	268	Q9S7B5
A	A	229	229	229	0	0	0	0	A	269	Q9S7B5
N	N	230	230	230	0	0	0	0	N	270	Q9S7B5
G	G	231	231	231	0	0	0	0	G	271	Q9S7B5
A	A	232	232	232	0	0	0	0	A	272	Q9S7B5
F	F	233	233	233	0	0	0	0	F	273	Q9S7B5
V	V	234	234	234	0	0	0	0	V	274	Q9S7B5
L	L	235	235	235	0	0	0	0	L	275	Q9S7B5
S	S	236	236	236	0	0	0	0	S	276	Q9S7B5
I	I	237	237	237	0	0	0	0	I	277	Q9S7B5
D	D	238	238	238	0	0	0	0	D	278	Q9S7B5
T	T	239	239	239	0	0	0	0	T	279	Q9S7B5
D	D	240	240	240	0	0	0	0	D	280	Q9S7B5
F	F	241	241	241	0	0	0	0	F	281	Q9S7B5
D	D	242	242	242	0	0	0	0	D	282	Q9S7B5
G	G	243	243	243	0	0	0	0	G	283	Q9S7B5
C	C	244	244	244	0	0	0	0	C	284	Q9S7B5
M	-	245	245	245	0	1	0	0	M	285	Q9S7B5
K	K	246	246	246	0	0	0	0	K	286	Q9S7B5
L	L	247	247	247	0	0	0	0	L	287	Q9S7B5
I	I	248	248	248	0	0	0	0	I	288	Q9S7B5
R	R	249	249	249	0	0	0	0	R	289	Q9S7B5
E	E	250	250	250	0	0	0	0	E	290	Q9S7B5
I	I	251	251	251	0	0	0	0	I	291	Q9S7B5
T	T	252	252	252	0	0	0	0	T	292	Q9S7B5
A	A	253	253	253	0	0	0	0	A	293	Q9S7B5
E	E	254	254	254	0	0	0	0	E	294	Q9S7B5
L	L	255	255	255	0	0	0	0	L	295	Q9S7B5
P	P	256	256	256	0	0	0	0	P	296	Q9S7B5
I	I	257	257	257	0	0	0	0	I	297	Q9S7B5
Y	Y	258	258	258	0	0	0	0	Y	298	Q9S7B5
L	L	259	259	259	0	0	0	0	L	299	Q9S7B5
A	A	260	260	260	0	0	0	0	A	300	Q9S7B5
N	N	261	261	261	0	0	0	0	N	301	Q9S7B5
S	S	262	262	262	0	0	0	0	S	302	Q9S7B5
L	L	263	263	263	0	0	0	0	L	303	Q9S7B5
N	N	264	264	264	0	0	0	0	N	304	Q9S7B5
S	S	265	265	265	0	0	0	0	S	305	Q9S7B5
L	L	266	266	266	0	0	0	0	L	306	Q9S7B5
R	R	267	267	267	0	0	0	0	R	307	Q9S7B5
L	L	268	268	268	0	0	0	0	L	308	Q9S7B5
E	E	269	269	269	0	0	0	0	E	309	Q9S7B5
G	G	270	270	270	0	0	0	0	G	310	Q9S7B5
Q	Q	271	271	271	0	0	0	0	Q	311	Q9S7B5
K	K	272	272	272	0	0	0	0	K	312	Q9S7B5
T	T	273	273	273	0	0	0	0	T	313	Q9S7B5
A	A	274	274	274	0	0	0	0	A	314	Q9S7B5
A	A	275	275	275	0	0	0	0	A	315	Q9S7B5
I	I	276	276	276	0	0	0	0	I	316	Q9S7B5
E	E	277	277	277	0	0	0	0	E	317	Q9S7B5
I	I	278	278	278	0	0	0	0	I	318	Q9S7B5
L	L	279	279	279	0	0	0	0	L	319	Q9S7B5
Q	Q	280	280	280	0	0	0	0	Q	320	Q9S7B5
Q	Q	281	281	281	0	0	0	0	Q	321	Q9S7B5
F	F	282	282	282	0	0	0	0	F	322	Q9S7B5
D	D	283	283	283	0	0	0	0	D	323	Q9S7B5
W	W	284	284	284	0	0	0	0	W	324	Q9S7B5
Q	Q	285	285	285	0	0	0	0	Q	325	Q9S7B5
V	V	286	286	286	0	0	0	0	V	326	Q9S7B5
P	P	287	287	287	0	0	0	0	P	327	Q9S7B5
D	D	288	288	288	0	0	0	0	D	328	Q9S7B5
W	W	289	289	289	0	0	0	0	W	329	Q9S7B5
V	V	290	290	290	0	0	0	0	V	330	Q9S7B5
I	I	291	291	291	0	0	0	0	I	331	Q9S7B5
V	V	292	292	292	0	0	0	0	V	332	Q9S7B5
P	P	293	293	293	0	0	0	0	P	333	Q9S7B5
G	G	294	294	294	0	0	0	0	G	334	Q9S7B5
G	G	295	295	295	0	0	0	0	G	335	Q9S7B5
N	N	296	296	296	0	0	0	0	N	336	Q9S7B5
L	L	297	297	297	0	0	0	0	L	337	Q9S7B5
G	G	298	298	298	0	0	0	0	G	338	Q9S7B5
N	N	299	299	299	0	0	0	0	N	339	Q9S7B5
I	I	300	300	300	0	0	0	0	I	340	Q9S7B5
Y	Y	301	301	301	0	0	0	0	Y	341	Q9S7B5
A	A	302	302	302	0	0	0	0	A	342	Q9S7B5
F	F	303	303	303	0	0	0	0	F	343	Q9S7B5
Y	Y	304	304	304	0	0	0	0	Y	344	Q9S7B5
K	K	305	305	305	0	0	0	0	K	345	Q9S7B5
G	G	306	306	306	0	0	0	0	G	346	Q9S7B5
F	F	307	307	307	0	0	0	0	F	347	Q9S7B5
K	K	308	308	308	0	0	0	0	K	348	Q9S7B5
M	-	309	309	309	0	1	0	0	M	349	Q9S7B5
C	C	310	310	310	0	0	0	0	C	350	Q9S7B5
Q	Q	311	311	311	0	0	0	0	Q	351	Q9S7B5
E	E	312	312	312	0	0	0	0	E	352	Q9S7B5
L	L	313	313	313	0	0	0	0	L	353	Q9S7B5
G	G	314	314	314	0	0	0	0	G	354	Q9S7B5
L	L	315	315	315	0	0	0	0	L	355	Q9S7B5
V	V	316	316	316	0	0	0	0	V	356	Q9S7B5
D	D	317	317	317	0	0	0	0	D	357	Q9S7B5
R	R	318	318	318	0	0	0	0	R	358	Q9S7B5
I	I	319	319	319	0	0	0	0	I	359	Q9S7B5
P	P	320	320	320	0	0	0	0	P	360	Q9S7B5
R	R	321	321	321	0	0	0	0	R	361	Q9S7B5
M	-	322	322	322	0	1	0	0	M	362	Q9S7B5
V	V	323	323	323	0	0	0	0	V	363	Q9S7B5
C	C	324	324	324	0	0	0	0	C	364	Q9S7B5
A	A	325	325	325	0	0	0	0	A	365	Q9S7B5
Q	Q	326	326	326	0	0	0	0	Q	366	Q9S7B5
A	A	327	327	327	0	0	0	0	A	367	Q9S7B5
A	A	328	328	328	0	0	0	0	A	368	Q9S7B5
N	N	329	329	329	0	0	0	0	N	369	Q9S7B5
A	A	330	330	330	0	0	0	0	A	370	Q9S7B5
N	N	331	331	331	0	0	0	0	N	371	Q9S7B5
P	P	332	332	332	0	0	0	0	P	372	Q9S7B5
L	L	333	333	333	0	0	0	0	L	373	Q9S7B5
Y	Y	334	334	334	0	0	0	0	Y	374	Q9S7B5
L	L	335	335	335	0	0	0	0	L	375	Q9S7B5
H	H	336	336	336	0	0	0	0	H	376	Q9S7B5
Y	Y	337	337	337	0	0	0	0	Y	377	Q9S7B5
K	K	338	338	338	0	0	0	0	K	378	Q9S7B5
S	S	339	339	339	0	0	0	0	S	379	Q9S7B5
G	G	340	340	340	0	0	0	0	G	380	Q9S7B5
W	W	341	341	341	0	0	0	0	W	381	Q9S7B5
K	K	342	342	342	0	0	0	0	K	382	Q9S7B5
D	D	343	343	343	0	0	0	0	D	383	Q9S7B5
F	F	344	344	344	0	0	0	0	F	384	Q9S7B5
K	K	345	345	345	0	0	0	0	K	385	Q9S7B5
P	P	346	346	346	0	0	0	0	P	386	Q9S7B5
M	-	347	347	347	1	0	0	0			
T	-	348	348	348	1	0	0	0			
A	-	349	349	349	1	0	0	0			
S	-	350	350	350	1	0	0	0			
T	-	351	351	351	1	0	0	0			
T	-	352	352	352	1	0	0	0			
F	-	353	353	353	1	0	0	0			
A	-	354	354	354	1	0	0	0			
S	-	355	355	355	1	0	0	0			
A	-	356	356	356	1	0	0	0			
I	-	357	357	357	1	0	0	0			
Q	-	358	358	358	1	0	0	0			
I	-	359	359	359	1	0	0	0			
G	-	360	360	360	1	0	0	0			
D	-	361	361	361	1	0	0	0			
P	-	362	362	362	1	0	0	0			
V	V	363	363	363	0	0	0	0	V	403	Q9S7B5
S	S	364	364	364	0	0	0	0	S	404	Q9S7B5
I	I	365	365	365	0	0	0	0	I	405	Q9S7B5
D	D	366	366	366	0	0	0	0	D	406	Q9S7B5
R	R	367	367	367	0	0	0	0	R	407	Q9S7B5
A	A	368	368	368	0	0	0	0	A	408	Q9S7B5
V	V	369	369	369	0	0	0	0	V	409	Q9S7B5
Y	Y	370	370	370	0	0	0	0	Y	410	Q9S7B5
A	A	371	371	371	0	0	0	0	A	411	Q9S7B5
L	L	372	372	372	0	0	0	0	L	412	Q9S7B5
K	K	373	373	373	0	0	0	0	K	413	Q9S7B5
K	K	374	374	374	0	0	0	0	K	414	Q9S7B5
C	C	375	375	375	0	0	0	0	C	415	Q9S7B5
N	N	376	376	376	0	0	0	0	N	416	Q9S7B5
G	G	377	377	377	0	0	0	0	G	417	Q9S7B5
I	I	378	378	378	0	0	0	0	I	418	Q9S7B5
V	V	379	379	379	0	0	0	0	V	419	Q9S7B5
E	E	380	380	380	0	0	0	0	E	420	Q9S7B5
E	E	381	381	381	0	0	0	0	E	421	Q9S7B5
A	A	382	382	382	0	0	0	0	A	422	Q9S7B5
T	T	383	383	383	0	0	0	0	T	423	Q9S7B5
E	E	384	384	384	0	0	0	0	E	424	Q9S7B5
E	E	385	385	385	0	0	0	0	E	425	Q9S7B5
E	E	386	386	386	0	0	0	0	E	426	Q9S7B5
L	L	387	387	387	0	0	0	0	L	427	Q9S7B5
M	-	388	388	388	0	1	0	0	M	428	Q9S7B5
D	D	389	389	389	0	0	0	0	D	429	Q9S7B5
A	A	390	390	390	0	0	0	0	A	430	Q9S7B5
M	-	391	391	391	0	1	0	0	M	431	Q9S7B5
A	A	392	392	392	0	0	0	0	A	432	Q9S7B5
Q	Q	393	393	393	0	0	0	0	Q	433	Q9S7B5
A	A	394	394	394	0	0	0	0	A	434	Q9S7B5
D	D	395	395	395	0	0	0	0	D	435	Q9S7B5
S	S	396	396	396	0	0	0	0	S	436	Q9S7B5
T	T	397	397	397	0	0	0	0	T	437	Q9S7B5
G	G	398	398	398	0	0	0	0	G	438	Q9S7B5
M	-	399	399	399	0	1	0	0	M	439	Q9S7B5
F	F	400	400	400	0	0	0	0	F	440	Q9S7B5
I	I	401	401	401	0	0	0	0	I	441	Q9S7B5
C	C	402	402	402	0	0	0	0	C	442	Q9S7B5
P	P	403	403	403	0	0	0	0	P	443	Q9S7B5
H	H	404	404	404	0	0	0	0	H	444	Q9S7B5
T	T	405	405	405	0	0	0	0	T	445	Q9S7B5
G	G	406	406	406	0	0	0	0	G	446	Q9S7B5
V	V	407	407	407	0	0	0	0	V	447	Q9S7B5
A	A	408	408	408	0	0	0	0	A	448	Q9S7B5
L	L	409	409	409	0	0	0	0	L	449	Q9S7B5
T	T	410	410	410	0	0	0	0	T	450	Q9S7B5
A	A	411	411	411	0	0	0	0	A	451	Q9S7B5
L	L	412	412	412	0	0	0	0	L	452	Q9S7B5
F	F	413	413	413	0	0	0	0	F	453	Q9S7B5
K	K	414	414	414	0	0	0	0	K	454	Q9S7B5
L	L	415	415	415	0	0	0	0	L	455	Q9S7B5
R	R	416	416	416	0	0	0	0	R	456	Q9S7B5
N	N	417	417	417	0	0	0	0	N	457	Q9S7B5
Q	Q	418	418	418	0	0	0	0	Q	458	Q9S7B5
G	G	419	419	419	0	0	0	0	G	459	Q9S7B5
V	V	420	420	420	0	0	0	0	V	460	Q9S7B5
I	I	421	421	421	0	0	0	0	I	461	Q9S7B5
A	A	422	422	422	0	0	0	0	A	462	Q9S7B5
P	P	423	423	423	0	0	0	0	P	463	Q9S7B5
T	T	424	424	424	0	0	0	0	T	464	Q9S7B5
D	D	425	425	425	0	0	0	0	D	465	Q9S7B5
R	R	426	426	426	0	0	0	0	R	466	Q9S7B5
T	T	427	427	427	0	0	0	0	T	467	Q9S7B5
V	V	428	428	428	0	0	0	0	V	468	Q9S7B5
V	V	429	429	429	0	0	0	0	V	469	Q9S7B5
V	V	430	430	430	0	0	0	0	V	470	Q9S7B5
S	S	431	431	431	0	0	0	0	S	471	Q9S7B5
T	T	432	432	432	0	0	0	0	T	472	Q9S7B5
A	A	433	433	433	0	0	0	0	A	473	Q9S7B5
H	H	434	434	434	0	0	0	0	H	474	Q9S7B5
G	G	435	435	435	0	0	0	0	G	475	Q9S7B5
L	L	436	436	436	0	0	0	0	L	476	Q9S7B5
K	K	437	437	437	0	0	0	0	K	477	Q9S7B5
F	F	438	438	438	0	0	0	0	F	478	Q9S7B5
T	T	439	439	439	0	0	0	0	T	479	Q9S7B5
Q	Q	440	440	440	0	0	0	0	Q	480	Q9S7B5
S	S	441	441	441	0	0	0	0	S	481	Q9S7B5
K	K	442	442	442	0	0	0	0	K	482	Q9S7B5
I	I	443	443	443	0	0	0	0	I	483	Q9S7B5
D	D	444	444	444	0	0	0	0	D	484	Q9S7B5
Y	Y	445	445	445	0	0	0	0	Y	485	Q9S7B5
H	H	446	446	446	0	0	0	0	H	486	Q9S7B5
S	S	447	447	447	0	0	0	0	S	487	Q9S7B5
N	N	448	448	448	0	0	0	0	N	488	Q9S7B5
A	A	449	449	449	0	0	0	0	A	489	Q9S7B5
I	I	450	450	450	0	0	0	0	I	490	Q9S7B5
P	P	451	451	451	0	0	0	0	P	491	Q9S7B5
D	D	452	452	452	0	0	0	0	D	492	Q9S7B5
M	-	453	453	453	0	1	0	0	M	493	Q9S7B5
A	A	454	454	454	0	0	0	0	A	494	Q9S7B5
C	C	455	455	455	0	0	0	0	C	495	Q9S7B5
R	R	456	456	456	0	0	0	0	R	496	Q9S7B5
F	F	457	457	457	0	0	0	0	F	497	Q9S7B5
S	S	458	458	458	0	0	0	0	S	498	Q9S7B5
N	N	459	459	459	0	0	0	0	N	499	Q9S7B5
P	P	460	460	460	0	0	0	0	P	500	Q9S7B5
P	P	461	461	461	0	0	0	0	P	501	Q9S7B5
V	V	462	462	462	0	0	0	0	V	502	Q9S7B5
D	D	463	463	463	0	0	0	0	D	503	Q9S7B5
V	V	464	464	464	0	0	0	0	V	504	Q9S7B5
K	K	465	465	465	0	0	0	0	K	505	Q9S7B5
A	A	466	466	466	0	0	0	0	A	506	Q9S7B5
D	D	467	467	467	0	0	0	0	D	507	Q9S7B5
F	F	468	468	468	0	0	0	0	F	508	Q9S7B5
G	G	469	469	469	0	0	0	0	G	509	Q9S7B5
A	A	470	470	470	0	0	0	0	A	510	Q9S7B5
V	V	471	471	471	0	0	0	0	V	511	Q9S7B5
M	-	472	472	472	0	1	0	0	M	512	Q9S7B5
D	D	473	473	473	0	0	0	0	D	513	Q9S7B5
V	V	474	474	474	0	0	0	0	V	514	Q9S7B5
L	L	475	475	475	0	0	0	0	L	515	Q9S7B5
K	K	476	476	476	0	0	0	0	K	516	Q9S7B5
S	S	477	477	477	0	0	0	0	S	517	Q9S7B5
Y	Y	478	478	478	0	0	0	0	Y	518	Q9S7B5
L	L	479	479	479	0	0	0	0	L	519	Q9S7B5
G	G	480	480	480	0	0	0	0	G	520	Q9S7B5
S	S	481	481	481	0	0	0	0	S	521	Q9S7B5
N	N	482	482	482	0	0	0	0	N	522	Q9S7B5
T	T	483	483	483	0	0	0	0	T	523	Q9S7B5
L	L	484	484	484	0	0	0	0	L	524	Q9S7B5
T	T	485	485	485	0	0	0	0	T	525	Q9S7B5
S	S	486	486	486	0	0	0	0	S	526	Q9S7B5
